[
 	{
        "title": "Whiplash",
        "year": "2014",
        "genres": [
            "Drama",
            "Music"
        ],
        "ratings": [
            4,
            1,
            1,
            2,
            2,
            4,
            9,
            3,
            9,
            1,
            3,
            7,
            3,
            3,
            10,
            8,
            8,
            4,
            2,
            2,
            2,
            5,
            6,
            10,
            10,
            8,
            2,
            9,
            3,
            6
        ],
        "poster": "MV5BOTVhMWQ5MDktMGE3OS00MjVlLWExZWYtMzY2MTg4ZGFiZDQ5L2ltYWdlXkEyXkFqcGdeQXVyNjU0OTQ0OTY@._V1_SY500_CR0,0,337,500_AL_.jpg",
        "contentRating": "15",
        "duration": "PT107M",
        "releaseDate": "2015-02-06",
        "averageRating": 0,
        "originalTitle": "",
        "storyline": "A young and talented drummer attending a prestigious music academy finds himself under the wing of the most respected professor at the school, one who does not hold back on abuse towards his students. The two form an odd relationship as the student wants to achieve greatness, and the professor pushes him.                Written by\nandrewhodkinson",
        "actors": [
            "Miles Teller",
            "J.K. Simmons",
            "Melissa Benoist"
        ],
        "imdbRating": 8.5,
        "posterurl": "https://images-na.ssl-images-amazon.com/images/M/MV5BOTVhMWQ5MDktMGE3OS00MjVlLWExZWYtMzY2MTg4ZGFiZDQ5L2ltYWdlXkEyXkFqcGdeQXVyNjU0OTQ0OTY@._V1_SY500_CR0,0,337,500_AL_.jpg"
    },
    {
        "title": "The Dark Knight",
        "year": "2008",
        "genres": [
            "Action",
            "Crime",
            "Drama"
        ],
        "ratings": [
            3,
            6,
            4,
            1,
            6,
            10,
            6,
            3,
            5,
            9,
            1,
            3,
            1,
            7,
            8,
            10,
            6,
            2,
            8,
            6,
            7,
            1,
            4,
            3,
            8,
            3,
            10,
            8,
            10,
            4
        ],
        "poster": "MV5BMTMxNTMwODM0NF5BMl5BanBnXkFtZTcwODAyMTk2Mw@@._V1_SY500_CR0,0,337,500_AL_.jpg",
        "contentRating": "15",
        "duration": "PT152M",
        "releaseDate": "2008-07-25",
        "averageRating": 0,
        "originalTitle": "",
        "storyline": "Set within a year after the events of Batman Begins, Batman, Lieutenant James Gordon, and new district attorney Harvey Dent successfully begin to round up the criminals that plague Gotham City until a mysterious and sadistic criminal mastermind known only as the Joker appears in Gotham, creating a new wave of chaos. Batman's struggle against the Joker becomes deeply personal, forcing him to \"confront everything he believes\" and improve his technology to stop him. A love triangle develops between Bruce Wayne, Dent and Rachel Dawes.                Written by\nLeon Lombardi",
        "actors": [
            "Christian Bale",
            "Heath Ledger",
            "Aaron Eckhart"
        ],
        "imdbRating": 9.0,
        "posterurl": "https://images-na.ssl-images-amazon.com/images/M/MV5BMTMxNTMwODM0NF5BMl5BanBnXkFtZTcwODAyMTk2Mw@@._V1_SY500_CR0,0,337,500_AL_.jpg"
    },
    {
        "title": "Wall-E",
        "year": "2008",
        "genres": [
            "Animation",
            "Adventure",
            "Family"
        ],
        "ratings": [
            10,
            5,
            2,
            9,
            3,
            6,
            2,
            10,
            9,
            9,
            10,
            1,
            10,
            5,
            6,
            7,
            9,
            5,
            1,
            6,
            9,
            9,
            9,
            4,
            8,
            6,
            4,
            7,
            7,
            7
        ],
        "poster": "MV5BMjExMTg5OTU0NF5BMl5BanBnXkFtZTcwMjMxMzMzMw@@._V1_SY500_CR0,0,337,500_AL_.jpg",
        "contentRating": "Btl",
        "duration": "PT98M",
        "releaseDate": "2008-09-05",
        "averageRating": 0,
        "originalTitle": "WALL\u00b7E",
        "storyline": "In a distant, but not so unrealistic, future where mankind has abandoned earth because it has become covered with trash from products sold by the powerful multi-national Buy N Large corporation, WALL-E, a garbage collecting robot has been left to clean up the mess. Mesmerized with trinkets of Earth's history and show tunes, WALL-E is alone on Earth except for a sprightly pet cockroach. One day, EVE, a sleek (and dangerous) reconnaissance robot, is sent to Earth to find proof that life is once again sustainable. WALL-E falls in love with EVE. WALL-E rescues EVE from a dust storm and shows her a living plant he found amongst the rubble. Consistent with her \"directive\", EVE takes the plant and automatically enters a deactivated state except for a blinking green beacon. WALL-E, doesn't understand what has happened to his new friend, but, true to his love, he protects her from wind, rain, and lightning, even as she is unresponsive. One day a massive ship comes to reclaim EVE, but WALL-E, ...",
        "actors": [
            "Ben Burtt",
            "Elissa Knight",
            "Jeff Garlin"
        ],
        "imdbRating": 8.4,
        "posterurl": "https://images-na.ssl-images-amazon.com/images/M/MV5BMjExMTg5OTU0NF5BMl5BanBnXkFtZTcwMjMxMzMzMw@@._V1_SY500_CR0,0,337,500_AL_.jpg"
    }
]